DATE,PNR,SOURCE,DESTINATION,SEATS,AIRLINES,FLIGHT,DEPARTURE,ARRIVAL,PURCHASE,MARKUP
1/04/20,SFES4B,SRINAGAR,DELHI,15,GO AIR,G8-129,11:10,13:00,3510,500
2/04/20,W4969V,SRINAGAR,DELHI,15,GO AIR,G8-129,11:10,13:00,3510,500
3/04/20,Q6JIPP,SRINAGAR,DELHI,15,GO AIR,G8-129,11:10,13:00,3510,500
4/04/20,Z7Q22Z,SRINAGAR,DELHI,15,GO AIR,G8-129,11:10,13:00,3510,500
5/04/20,R367PL,SRINAGAR,DELHI,15,GO AIR,G8-129,11:10,13:00,3510,500
6/04/20,V4LP6F,SRINAGAR,DELHI,15,GO AIR,G8-129,11:10,13:00,3510,500
7/04/20,ZBWMPQ,SRINAGAR,DELHI,15,GO AIR,G8-129,11:10,13:00,3510,500
8/04/20,JCR1FX,SRINAGAR,DELHI,15,GO AIR,G8-129,11:10,13:00,3510,500
9/04/20,HCND6H,SRINAGAR,DELHI,15,GO AIR,G8-129,11:10,13:00,3510,500
10/04/20,HBLI2K,SRINAGAR,DELHI,15,GO AIR,G8-129,11:10,13:00,3510,500
11/04/20,M9VQ3Q,SRINAGAR,DELHI,15,GO AIR,G8-129,11:10,13:00,3510,500
12/04/20,A89YGG,SRINAGAR,DELHI,15,GO AIR,G8-129,11:10,13:00,3510,500
13/04/20,DC5MNK,SRINAGAR,DELHI,15,GO AIR,G8-129,11:10,13:00,3510,500
14/04/20,ECIYXK,SRINAGAR,DELHI,15,GO AIR,G8-129,11:10,13:00,3510,500
15/04/20,B5BWYC,SRINAGAR,DELHI,15,GO AIR,G8-129,11:10,13:00,3510,500
1/04/20,HB64TA,SRINAGAR,DELHI,7,GO AIR,G8-204,09:50,11:30,3500,500
2/04/20,UE3YSX,SRINAGAR,DELHI,7,GO AIR,G8-204,09:50,11:30,3500,500
3/04/20,B26QVL,SRINAGAR,DELHI,7,GO AIR,G8-204,09:50,11:30,3500,500
4/04/20,OYLL2A,SRINAGAR,DELHI,7,GO AIR,G8-204,09:50,11:30,3500,500
5/04/20,VFN5TE,SRINAGAR,DELHI,7,GO AIR,G8-204,09:50,11:30,3500,500
6/04/20,U14RYE,SRINAGAR,DELHI,7,GO AIR,G8-204,09:50,11:30,3500,500
7/04/20,Y3VEJY,SRINAGAR,DELHI,7,GO AIR,G8-204,09:50,11:30,3500,500
8/04/20,RBFFFA,SRINAGAR,DELHI,7,GO AIR,G8-204,09:50,11:30,3500,500
9/04/20,CC6WPK,SRINAGAR,DELHI,7,GO AIR,G8-204,09:50,11:30,3500,500
10/04/20,W2KN5L,SRINAGAR,DELHI,7,GO AIR,G8-204,09:50,11:30,3500,500
11/04/20,PDR5WX,SRINAGAR,DELHI,7,GO AIR,G8-204,09:50,11:30,3500,500
12/04/20,QC8VTN,SRINAGAR,DELHI,7,GO AIR,G8-204,09:50,11:30,3500,500
13/04/20,X77Y3M,SRINAGAR,DELHI,7,GO AIR,G8-204,09:50,11:30,3500,500
14/04/20,V4K3VI,SRINAGAR,DELHI,7,GO AIR,G8-204,09:50,11:30,3500,500
15/04/20,LDILFH,SRINAGAR,DELHI,7,GO AIR,G8-204,09:50,11:30,3500,500
16/04/20,O9QFYG,SRINAGAR,DELHI,7,GO AIR,G8-204,09:50,11:30,3500,500
17/04/20,E4H4XF,SRINAGAR,DELHI,7,GO AIR,G8-204,09:50,11:30,3500,500
18/04/20,P3PSWY,SRINAGAR,DELHI,7,GO AIR,G8-204,09:50,11:30,3500,500
19/04/20,IBTM7K,SRINAGAR,DELHI,7,GO AIR,G8-204,09:50,11:30,3500,500
20/04/20,Q2WN5Y,SRINAGAR,DELHI,7,GO AIR,G8-204,09:50,11:30,3500,500
21/04/20,V3WQKY,SRINAGAR,DELHI,7,GO AIR,G8-204,09:50,11:30,3500,500
22/04/20,F7KBYZ,SRINAGAR,DELHI,7,GO AIR,G8-204,09:50,11:30,3500,500
23/04/20,OYNWWD,SRINAGAR,DELHI,7,GO AIR,G8-204,09:50,11:30,3500,500
24/04/20,B5PGWP,SRINAGAR,DELHI,7,GO AIR,G8-204,09:50,11:30,3500,500
25/04/20,G33W6V,SRINAGAR,DELHI,7,GO AIR,G8-204,09:50,11:30,3500,500
26/04/20,WYHFNT,SRINAGAR,DELHI,7,GO AIR,G8-204,09:50,11:30,3500,500
27/04/20,N3JMWY,SRINAGAR,DELHI,7,GO AIR,G8-204,09:50,11:30,3500,500
28/04/20,J4BEVV,SRINAGAR,DELHI,7,GO AIR,G8-204,09:50,11:30,3500,500
29/04/20,DY3BJQ,SRINAGAR,DELHI,7,GO AIR,G8-204,09:50,11:30,3500,500
30/04/20,B8WY3D,SRINAGAR,DELHI,7,GO AIR,G8-204,09:50,11:30,3500,500
19/03/20,X6ZJPF,SRINAGAR,DELHI,15,GO AIR,G8-149,16:00,17:35,2800,500
20/03/20,I7Y78Z,SRINAGAR,DELHI,15,GO AIR,G8-149,16:00,17:35,2800,500
23/03/20,Q9PH7T,SRINAGAR,DELHI,15,GO AIR,G8-149,16:00,17:35,2800,500
24/03/20,UEJ25U,SRINAGAR,DELHI,15,GO AIR,G8-149,16:00,17:35,2800,500
25/03/20,B9MTVT,SRINAGAR,DELHI,15,GO AIR,G8-149,16:00,17:35,2800,500
26/03/20,Y1WCFR,SRINAGAR,DELHI,15,GO AIR,G8-149,16:00,17:35,2800,500
27/03/20,Q27NYB,SRINAGAR,DELHI,15,GO AIR,G8-149,16:00,17:35,2800,500
